,Score,Epslon,round
0,-24.96642859677908,2.4168719999999957,0
1,-31.851313551088495,0.01776,1
2,-30.792762935000972,0.01776,2
3,-25.136791048618303,0.01776,3
4,-26.520812034144814,0.01776,4
5,-26.93790864580928,0.01776,5
6,-25.1749140610635,0.01776,6
7,-24.14635781685888,0.01776,7
8,-28.107424920016907,0.01776,8
