,Score,Epslon,round
0,-28.837261609772728,1.6172271999999959,0
1,-25.824887893500815,0.01776,1
2,-23.624433955115492,0.01776,2
3,-25.766199147110196,0.01776,3
4,-24.717613091358896,0.01776,4
5,-25.78515313607574,0.01776,5
6,-21.831385881476493,0.01776,6
7,-23.639688768600912,0.01776,7
8,-24.81275240346679,0.01776,8
