,Score,Epslon,round
0,-24.984983524715652,1.6172271999999959,0
1,-27.924858400134998,0.01776,1
2,-27.410610127171235,0.01776,2
3,-24.948705681441663,0.01776,3
4,-26.41816597762729,0.01776,4
5,-26.74123473770509,0.01776,5
6,-27.249005377970025,0.01776,6
7,-25.429804862427176,0.01776,7
8,-25.432983702952434,0.01776,8
