,Score,Epslon,round
0,-23.105235204301785,3.216516799999996,0
1,-20.011314511215602,0.01776,1
2,-18.216734227030397,0.01776,2
3,-18.598963698800983,0.01776,3
4,-18.155313852509718,0.01776,4
5,-17.17386281539177,0.01776,5
6,-17.1681696465021,0.01776,6
7,-17.128356827274207,0.01776,7
8,-16.570175718992324,0.01776,8
