,Score,Epslon,round
0,-27.02955499195096,2.8166943999999954,0
1,-27.010414567251324,0.01776,1
2,-27.97839811226127,0.01776,2
3,-28.422343639572713,0.01776,3
4,-26.175180021841562,0.01776,4
5,-28.88358483566567,0.01776,5
6,-27.962671275339506,0.01776,6
7,-26.373157752147776,0.01776,7
8,-30.13594661795405,0.01776,8
