,Score,Epslon,round
0,-25.161218741293666,3.216516799999996,0
1,-25.65345520477592,0.01776,1
2,-24.64424488438856,0.01776,2
3,-25.867605172991272,0.01776,3
4,-25.686949520788083,0.01776,4
5,-24.203090247319114,0.01776,5
6,-23.72909749604007,0.01776,6
7,-26.7149816842981,0.01776,7
8,-23.698916512424674,0.01776,8
