,Score,Epslon,round
<<<<<<< HEAD
0,-26.93,2.8166943999999954,0
1,-21.09,0.01776,1
2,-18.09,0.01776,2
3,-16.57,0.01776,3
4,-25.27,0.01776,4
5,-15.6,0.01776,5
6,-8.48,0.01776,6
7,-4.2,0.01776,7
8,-5.32,0.01776,8
=======
0,-24.65,1.2174047999999957,0
1,-16.42,0.01776,1
2,0.89,0.01776,2
3,12.14,0.01776,3
4,11.42,0.01776,4
5,13.29,0.01776,5
6,17.4,0.01776,6
7,16.23,0.01776,7
8,21.26,0.01776,8
>>>>>>> 8d843686abfe46f2613acc39a4954b7247a166c0
