,Score,Epslon,round
0,-26.75411422831905,3.216516799999996,0
1,-27.47690723802582,0.01776,1
2,-25.88683959793462,0.01776,2
3,-26.118006099599597,0.01776,3
4,-27.93899944483188,0.01776,4
5,-27.958874938883074,0.01776,5
6,-24.82413914822665,0.01776,6
7,-27.292777293482217,0.01776,7
8,-25.055135504508012,0.01776,8
