,Score,Epslon,round
0,-24.763021877204796,1.2174047999999957,0
1,-22.902222406248153,0.01776,1
2,-23.02820666996376,0.01776,2
3,-22.858297831012916,0.01776,3
4,-22.17501965300128,0.01776,4
5,-22.534603744336252,0.01776,5
6,-21.424427057543102,0.01776,6
7,-22.43363234417749,0.01776,7
8,-22.118746527137514,0.01776,8
