,Score,Epslon,round
0,-21.684620241361216,4.815806399999996,0
1,-19.770879391772517,0.01776,1
2,-16.23694122418278,0.01776,2
3,-14.985939040313177,0.01776,3
4,-13.863496702993025,0.01776,4
5,-13.389526522810497,0.01776,5
6,-13.311727837836196,0.01776,6
7,-12.639752096122523,0.01776,7
8,-11.650946998604265,0.01776,8
