,Score,Epslon,round
0,-26.762399116349894,4.415983999999996,0
1,-26.5967952167319,0.01776,1
2,-25.734482198802908,0.01776,2
3,-26.270998515007634,0.01776,3
4,-27.20058446850716,0.01776,4
5,-28.29930360393632,0.01776,5
6,-27.873153118471997,0.01776,6
7,-24.447583555799792,0.01776,7
8,-29.811485606208347,0.01776,8
