,Score,Epslon,round
0,-27.00869617709227,2.4168719999999957,0
1,-30.982554657935452,0.01776,1
2,-31.423288753242726,0.01776,2
3,-30.390702326708844,0.01776,3
4,-26.4471852358981,0.01776,4
5,-27.0980509336374,0.01776,5
6,-21.83413092556918,0.01776,6
7,-23.591951102073754,0.01776,7
8,-20.506787600975013,0.01776,8
