,Score,Epslon,round
0,-33.8,3.216516799999996,0
1,-23.58,0.01776,1
2,-18.07,0.01776,2
3,-16.58,0.01776,3
4,-0.47,0.01776,4
5,1.95,0.01776,5
6,5.37,0.01776,6
7,4.36,0.01776,7
8,2.95,0.01776,8
