,Score,Epslon,round
0,-26.548721450849403,2.4168719999999957,0
1,-24.922601341473246,0.01776,1
2,-26.376740698290583,0.01776,2
3,-28.31257075402903,0.01776,3
4,-24.52984898382861,0.01776,4
5,-28.10222133812291,0.01776,5
6,-26.783499356233733,0.01776,6
7,-29.184991469236703,0.01776,7
8,-26.901520014126312,0.01776,8
