,Score,Epslon,round
0,-23.365876920622647,2.4168719999999957,0
1,-22.23362794293656,0.01776,1
2,-16.855841045543038,0.01776,2
3,-17.232282962752507,0.01776,3
4,-15.716768504661763,0.01776,4
5,-18.290342946277473,0.01776,5
6,-16.51213104084444,0.01776,6
7,-14.83441274388804,0.01776,7
8,-13.450530218501699,0.01776,8
